{
"data": [
	{"title": "Accounting", "url": "/accounting"},
	{"title": "Airport", "url": "/airport"},
	{"title": "Amusement park", "url": "/amusement_park"},
	{"title": "Aquarium", "url": "/aquarium"},
	{"title": "Art gallery", "url": "/art_gallery"},
	{"title": "Atm", "url": "/atm"},
	{"title": "Bakery", "url": "/bakery"},
	{"title": "Bank", "url": "/bank"},
	{"title": "Bar", "url": "/bar"},
	{"title": "Beauty salon", "url": "/beauty_salon"},
	{"title": "Bicycle store", "url": "/bicycle_store"},
	{"title": "Book store", "url": "/book_store"},
	{"title": "Bowling alley", "url": "/bowling_alley"},
	{"title": "Bus station", "url": "/bus_station"},
	{"title": "Cafe", "url": "/cafe"},
	{"title": "Campground", "url": "/campground"},
	{"title": "Car dealer", "url": "/car_dealer"},
	{"title": "Car rental", "url": "/car_rental"},
	{"title": "Car repair", "url": "/car_repair"},
	{"title": "Car wash", "url": "/car_wash"},
	{"title": "Casino", "url": "/casino"},
	{"title": "Cemetery", "url": "/cemetery"},
	{"title": "Church", "url": "/church"},
	{"title": "City hall", "url": "/city_hall"},
	{"title": "Clothing store", "url": "/clothing_store"},
	{"title": "Convenience store", "url": "/convenience_store"},
	{"title": "Courthouse", "url": "/courthouse"},
	{"title": "Centist", "url": "/dentist"},
	{"title": "Department store", "url": "/department_store"},
	{"title": "Doctor", "url": "/doctor"},
	{"title": "Electrician", "url": "/electrician"},
	{"title": "Electronics store", "url": "/electronics_store"},
	{"title": "Embassy", "url": "/embassy"},
	{"title": "Establishment", "url": "/establishment"},
	{"title": "Finance", "url": "/finance"},
	{"title": "Fire station", "url": "/fire_station"},
	{"title": "Florist", "url": "/florist"},
	{"title": "Food", "url": "/food"},
	{"title": "Funeral home", "url": "/funeral_home"},
	{"title": "Furniture store", "url": "/furniture_store"},
	{"title": "Gas station", "url": "/gas_station"},
	{"title": "General contractor", "url": "/general_contractor"},
	{"title": "Grocery or supermarket", "url": "/grocery_or_supermarket"},
	{"title": "Gym", "url": "/gym"},
	{"title": "Hair care", "url": "/hair_care"},
	{"title": "Hardware store", "url": "/hardware_store"},
	{"title": "Health", "url": "/health"},
	{"title": "Hindu temple", "url": "/hindu_temple"},
	{"title": "Home goods store", "url": "/home_goods_store"},
	{"title": "Hospital", "url": "/hospital"},
	{"title": "Insurance agency", "url": "/insurance_agency"},
	{"title": "Jewelry store", "url": "/jewelry_store"},
	{"title": "Laundry", "url": "/laundry"},
	{"title": "Lawyer", "url": "/lawyer"},
	{"title": "Library", "url": "/library"},
	{"title": "Liquor store", "url": "/liquor_store"},
	{"title": "Local government office", "url": "/local_government_office"},
	{"title": "Locksmith", "url": "/locksmith"},
	{"title": "Lodging", "url": "/lodging"},
	{"title": "Meal delivery", "url": "/meal_delivery"},
	{"title": "Meal takeaway", "url": "/meal_takeaway"},
	{"title": "Mosque", "url": "/mosque"},
	{"title": "Movie rental", "url": "/movie_rental"},
	{"title": "Movie theater", "url": "/movie_theater"},
	{"title": "Moving company", "url": "/moving_company"},
	{"title": "Museum", "url": "/museum"},
	{"title": "Night club", "url": "/night_club"},
	{"title": "Painter", "url": "/painter"},
	{"title": "Park", "url": "/park"},
	{"title": "Parking", "url": "/parking"},
	{"title": "Pet store", "url": "/pet_store"},
	{"title": "Pharmacy", "url": "/pharmacy"},
	{"title": "Physiotherapist", "url": "/physiotherapist"},
	{"title": "Place of worship", "url": "/place_of_worship"},
	{"title": "Plumber", "url": "/plumber"},
	{"title": "Police", "url": "/police"},
	{"title": "Post office", "url": "/post_office"},
	{"title": "Real estate agency", "url": "/real_estate_agency"},
	{"title": "Restaurant", "url": "/restaurant"},
	{"title": "Roofing contractor", "url": "/roofing_contractor"},
	{"title": "Rv park", "url": "/rv_park"},
	{"title": "School", "url": "/school"},
	{"title": "Shoe store", "url": "/shoe_store"},
	{"title": "Shopping mall", "url": "/shopping_mall"},
	{"title": "Spa", "url": "/spa"},
	{"title": "Stadium", "url": "/stadium"},
	{"title": "Storage", "url": "/storage"},
	{"title": "Store", "url": "/store"},
	{"title": "Subway station", "url": "/subway_station"},
	{"title": "Synagogue", "url": "/synagogue"},
	{"title": "Taxi stand", "url": "/taxi_stand"},
	{"title": "Train station", "url": "/train_station"},
	{"title": "Travel agency", "url": "/travel_agency"},
	{"title": "University", "url": "/university"},
	{"title": "Veterinary care", "url": "/veterinary_care"},
	{"title": "Zoo", "url": "/zoo"}
]}